{
  "title": "Pug-Sass Starter",
  "welcome": "Gulp Pug Sass Starter",
  "slug": "/",
  "site": {
		"name": "R&S Supply",
		"email": "info@randssupply.com",
		"phone": "(555) 555-5555",
		"socialMedia": [
			{
				"url": "https://www.facebook.com/RandSFresno",
				"name": "Facebook"
			},
			{
				"url": "https://www.linkedin.com/company/r&s-supply",
				"name": "LinkedIn"
			}
		],
		"nav": [
			{
				"name": "About",
				"slug": "/"
			},
			{
				"name": "Locations",
				"slug": "/store-locations"
			},
			{
				"name": "Credit Department",
				"slug": "/credit"
			}
		]
	},
	"stores": [
		{
			"storeNumber": 20,
			"storeOpened": 2014,
			"storeManager": "Mike Buxton",
			"street": "2225 N Kiowa Blvd",
			"city": "Lake Havasu City",
			"stateFull": "Arizona",
			"state": "AZ",
			"zip": 86403,
			"phone": "(928) 680-1589",
			"phoneFormated": 9286801589,
			"fax": "(928) 680-1636",
			"faxFormated": 9286801636,
			"latitude": 34.5085364,
			"longitude": -114.3404627
		},
		{
			"storeNumber": 21,
			"storeOpened": 2016,
			"storeManager": "Tony Corona",
			"street": "3463 Townsend St",
			"city": "Kingman",
			"stateFull": "Arizona",
			"state": "AZ",
			"zip": 86409,
			"phone": "(928) 757-1615",
			"phoneFormated": 9287571615,
			"fax": "(928) 757-0148",
			"faxFormated": 9287570148,
			"latitude": 35.2238684,
			"longitude": -114.0087177
		},
		{
			"storeNumber": 22,
			"storeOpened": 2016,
			"storeManager": "Ben Allen",
			"street": "3585 E Industrial Dr",
			"city": "Flagstaff",
			"stateFull": "Arizona",
			"state": "AZ",
			"zip": 86004,
			"phone": "(928) 526-2615",
			"phoneFormated": 9285262615,
			"fax": "(928) 526-5466",
			"faxFormated": 9285265466,
			"latitude": 35.2138263,
			"longitude": -111.5984855
		},
		{
			"storeNumber": 1,
			"storeOpened": 1977,
			"storeManager": "Alan Shufelberger",
			"street": "5858 Westside Rd",
			"city": "Redding",
			"stateFull": "California",
			"state": "CA",
			"zip": 96001,
			"phone": "(530) 241-1615",
			"phoneFormated": 5302411615,
			"fax": "(530) 244-5043",
			"faxFormated": 5302445043,
			"latitude": 40.5295995,
			"longitude": -122.3864545
		},
		{
			"storeNumber": 2,
			"storeOpened": 1983,
			"storeManager": "Eric Entz",
			"street": "5294 83rd St",
			"city": "Sacramento",
			"stateFull": "California",
			"state": "CA",
			"zip": 95826,
			"phone": "(916) 383-2266",
			"phoneFormated": 9163832266,
			"fax": "(916) 383-7643",
			"faxFormated": 9163837643,
			"latitude": 38.5281596,
			"longitude": -121.4020693
		},
		{
			"storeNumber": 3,
			"storeOpened": 1991,
			"storeManager": "Nick Rice",
			"street": "3810 Jacobs Ave",
			"city": "Eureka",
			"stateFull": "California",
			"state": "CA",
			"zip": 95501,
			"phone": "(707) 442-1515",
			"phoneFormated": 7074421515,
			"fax": "(707) 442-1565",
			"faxFormated": 7074421565,
			"latitude": 40.804262,
			"longitude": -124.1268216
		},
		{
			"storeNumber": 4,
			"storeOpened": 1992,
			"storeManager": "Steve May",
			"street": "390 Manhattan Ave",
			"city": "Grover Beach",
			"stateFull": "California",
			"state": "CA",
			"zip": 93433,
			"phone": "(805) 473-2080",
			"phoneFormated": 8054732080,
			"fax": "(805) 473-2084",
			"faxFormated": 8054732084,
			"latitude": 35.1187176,
			"longitude": -120.6271997
		},
		{
			"storeNumber": 9,
			"storeOpened": 2000,
			"storeManager": "John Roach",
			"street": "10450 Tembladera St",
			"city": "Castroville",
			"stateFull": "California",
			"state": "CA",
			"zip": 95012,
			"phone": "(831) 633-1715",
			"phoneFormated": 8316331715,
			"fax": "(831) 633-0176",
			"faxFormated": 8316330176,
			"latitude": 36.7665869,
			"longitude": -121.7634313
		},
		{
			"storeNumber": 10,
			"storeOpened": 2001,
			"storeManager": "Joe Davis",
			"street": "1266 N Maple Ave",
			"city": "Fresno",
			"stateFull": "California",
			"state": "CA",
			"zip": 93703,
			"phone": "(559) 499-1615",
			"phoneFormated": 5594991615,
			"fax": "(559) 499-1010",
			"faxFormated": 5594991010,
			"latitude": 36.7586539,
			"longitude": -119.7468835
		},
		{
			"storeNumber": 14,
			"storeOpened": 2005,
			"storeManager": "Randy Togstad",
			"street": "1060 Marauder St",
			"city": "Chico",
			"stateFull": "California",
			"state": "CA",
			"zip": 95973,
			"phone": "(530) 343-1418",
			"phoneFormated": 5303431418,
			"fax": "(530)  343-7796",
			"faxFormated": 5303437796,
			"latitude": 39.8030791,
			"longitude": -121.8525207
		},
		{
			"storeNumber": 7,
			"storeOpened": 1998,
			"storeManager": "Dan Kaufman",
			"street": "7880 W Mossy Cup St",
			"city": "Boise",
			"stateFull": "Idaho",
			"state": "ID",
			"zip": 83709,
			"phone": "(208) 362-1900",
			"phoneFormated": 2083621900,
			"fax": "(208) 362-8930",
			"faxFormated": 2083628930,
			"latitude": 43.5781749,
			"longitude": -116.282575
		},
		{
			"storeNumber": 8,
			"storeOpened": 1998,
			"storeManager": "Tony Haines",
			"street": "250 S Park Ave W",
			"city": "Twin Falls",
			"stateFull": "Idaho",
			"state": "ID",
			"zip": 83301,
			"phone": "(208) 735-2400",
			"phoneFormated": 2087352400,
			"fax": "(208) 735-0400",
			"faxFormated": 2087350400,
			"latitude": 42.5502319,
			"longitude": -114.4847617
		},
		{
			"storeNumber": 12,
			"storeOpened": 2003,
			"storeManager": "Tory Woodling",
			"street": "4610 N Haroldsen Dr",
			"city": "Idaho Falls",
			"stateFull": "Idaho",
			"state": "ID",
			"zip": 83401,
			"phone": "(208) 552-5858",
			"phoneFormated": 2085525858,
			"fax": "(208) 552-2776",
			"faxFormated": 2085522776,
			"latitude": 43.5372459,
			"longitude": -112.0089447
		},
		{
			"storeNumber": 11,
			"storeOpened": 2002,
			"storeManager": "Joe Conner",
			"street": "1345 Monad Rd",
			"city": "Billings",
			"stateFull": "Montana",
			"state": "MT",
			"zip": 59101,
			"phone": "(406) 252-1626",
			"phoneFormated": 4062521626,
			"fax": "(406) 252-3119",
			"faxFormated": 4062523119,
			"latitude": 45.7629917,
			"longitude": -108.5530047
		},
		{
			"storeNumber": 13,
			"storeOpened": 2004,
			"storeManager": "Denise Galland",
			"street": "4480 Expressway",
			"city": "Missoula",
			"stateFull": "Montana",
			"state": "MT",
			"zip": 59808,
			"phone": "(406) 549-5050",
			"phoneFormated": 4065495050,
			"fax": "(406) 542-3782",
			"faxFormated": 4065423782,
			"latitude": 46.9134356,
			"longitude": -114.0606757
		},
		{
			"storeNumber": 15,
			"storeOpened": 2010,
			"storeManager": "Emily Barton",
			"street": "860 Winnow Cir",
			"city": "Bozeman",
			"stateFull": "Montana",
			"state": "MT",
			"zip": 59718,
			"phone": "(406) 582-1615",
			"phoneFormated": 4065821615,
			"fax": "(406) 582-8231",
			"faxFormated": 4065828231,
			"latitude": 45.6705587,
			"longitude": -111.1076737
		},
		{
			"storeNumber": 25,
			"storeOpened": 2017,
			"storeManager": "Chad Such",
			"street": "2224 Vaughn Rd",
			"city": "Great Falls",
			"stateFull": "Montana",
			"state": "MT",
			"zip": 59404,
			"phone": "(406) 452-5411",
			"phoneFormated": 4064525411,
			"fax": "(406) 452-5418",
			"faxFormated": 4064525418,
			"latitude": 47.5145559,
			"longitude": -111.3524731
		},
		{
			"storeNumber": 6,
			"storeOpened": 1995,
			"storeManager": "Chris Ponto",
			"street": "2395 Valley Rd",
			"city": "Reno",
			"stateFull": "Nevada",
			"state": "NV",
			"zip": 89512,
			"phone": "(775) 323-0888",
			"phoneFormated": 7753230888,
			"fax": "(775) 323-6310",
			"faxFormated": 7753236310,
			"latitude": 39.5498231,
			"longitude": -119.8118087
		},
		{
			"storeNumber": 18,
			"storeOpened": 2014,
			"storeManager": "Kevin Shields",
			"street": "5655 Procyon St",
			"city": "Las Vegas",
			"stateFull": "Nevada",
			"state": "NV",
			"zip": 89118,
			"phone": "(702) 597-1615",
			"phoneFormated": 7025971615,
			"fax": "(702) 740-7470",
			"faxFormated": 7027407470,
			"latitude": 36.0873417,
			"longitude": -115.1904969
		},
		{
			"storeNumber": 23,
			"storeOpened": 2016,
			"storeManager": "Ed Small",
			"street": "120 Main St",
			"city": "Elko",
			"stateFull": "Nevada",
			"state": "NV",
			"zip": 89801,
			"phone": "(775) 738-1615",
			"phoneFormated": 7757381615,
			"fax": "(775) 738-1636",
			"faxFormated": 7757381636,
			"latitude": 40.8287597,
			"longitude": -115.7667917
		},
		{
			"storeNumber": 17,
			"storeOpened": 2012,
			"storeManager": "Clay Curtis",
			"street": "3200 W Reno Ave",
			"city": "Oklahoma City",
			"stateFull": "Oklahoma",
			"state": "OK",
			"zip": 73107,
			"phone": "(405) 602-1999",
			"phoneFormated": 4056021999,
			"fax": "(405) 601-3060",
			"faxFormated": 4056013060,
			"latitude": 35.4628613,
			"longitude": -97.5749517
		},
		{
			"storeNumber": 16,
			"storeOpened": 2012,
			"storeManager": "Scott Campbell",
			"street": "7727 E 41st St",
			"city": "Tulsa",
			"stateFull": "Oklahoma",
			"state": "OK",
			"zip": 74145,
			"phone": "(918) 794-1999",
			"phoneFormated": 9187941999,
			"fax": "(918) 794-6063",
			"faxFormated": 9187946063,
			"latitude": 36.1054053,
			"longitude": -95.8915946
		},
		{
			"storeNumber": 5,
			"storeOpened": 1995,
			"storeManager": "Luke Morey",
			"street": "4768 Crater Lake Ave",
			"city": "Medford",
			"stateFull": "Oregon",
			"state": "OR",
			"zip": 97504,
			"phone": "(541) 770-1615",
			"phoneFormated": 5417701615,
			"fax": "(541) 773-9555",
			"faxFormated": 5417739555,
			"latitude": 42.3858899,
			"longitude": -122.8569657
		},
		{
			"storeNumber": 19,
			"storeOpened": 2014,
			"storeManager": "Jody Roberts",
			"street": "3300 Industrial Dr",
			"city": "Wichita Falls",
			"stateFull": "Texas",
			"state": "TX",
			"zip": 76306,
			"phone": "(940) 767-1615",
			"phoneFormated": 9407671615,
			"fax": "(940) 716-9644",
			"faxFormated": 9407169644,
			"latitude": 33.9295994,
			"longitude": -98.5397927
		},
		{
			"storeNumber": 24,
			"storeOpened": 2016,
			"storeManager": "Steve Garske",
			"street": "2023 US-287",
			"city": "Decatur",
			"stateFull": "Texas",
			"state": "TX",
			"zip": 76234,
			"phone": "(940) 627-1600",
			"phoneFormated": 9406271600,
			"fax": "(940) 627-1765",
			"faxFormated": 9406271765,
			"latitude": 33.2622892,
			"longitude": -97.6157785
		}
	]
}